product_id,price,category,day_of_week,demand
151,21.74,B,Friday,213
192,24.91,A,Thursday,204
114,18.63,B,Tuesday,147
171,12.55,A,Saturday,115
160,15.68,A,Monday,125
120,17.26,B,Friday,118
182,22.92,C,Wednesday,134
186,21.42,A,Thursday,119
174,17.12,A,Tuesday,171
174,29.73,A,Monday,244
187,22.12,C,Wednesday,205
199,14.74,C,Sunday,106
123,12.04,D,Tuesday,97
102,13.06,B,Tuesday,68
121,14.92,C,Wednesday,112
152,13.21,B,Monday,113
101,13.73,D,Sunday,131
187,15.7,B,Saturday,89
129,13.47,C,Monday,101
137,27.94,B,Friday,245
101,11.6,C,Thursday,91
163,20.49,B,Wednesday,166
159,18.21,C,Saturday,169
120,29.65,C,Sunday,183
132,12.24,B,Wednesday,118
175,17.96,D,Wednesday,138
157,29.39,A,Monday,268
121,27.31,D,Thursday,242
188,26.34,B,Friday,172
148,15.16,D,Tuesday,87
190,13.42,C,Tuesday,134
158,23.37,A,Wednesday,179
141,28.59,B,Thursday,283
191,21.14,B,Sunday,126
159,21.43,B,Sunday,172
179,15.6,A,Saturday,145
114,25.39,C,Monday,237
161,13.74,B,Thursday,91
161,16.47,D,Thursday,145
146,18.51,B,Monday,144
161,20.15,B,Sunday,111
150,14.85,B,Sunday,119
154,12.3,B,Sunday,115
163,22.21,C,Wednesday,233
102,15.77,D,Thursday,102
150,21.62,C,Tuesday,121
106,13.09,D,Monday,69
120,19.62,B,Sunday,136
172,20.65,A,Saturday,153
138,11.04,C,Sunday,99
117,16.73,A,Sunday,127
103,12.69,C,Friday,103
188,11.27,B,Wednesday,119
159,29.8,C,Monday,234
113,16.45,B,Friday,151
108,26.2,C,Friday,228
189,15.09,B,Saturday,102
152,23.63,B,Thursday,144
101,25.2,D,Saturday,186
183,21.91,B,Thursday,174
191,19.43,D,Thursday,190
159,18.24,B,Monday,150
170,16.98,A,Sunday,157
143,28.59,B,Monday,244
107,26.61,A,Wednesday,154
146,29.3,A,Thursday,296
134,12.49,B,Friday,99
177,24.62,A,Sunday,187
180,28.77,D,Tuesday,234
135,13.62,C,Wednesday,60
149,11.33,B,Monday,86
103,24.82,A,Saturday,194
101,21.49,B,Wednesday,151
105,26.84,D,Wednesday,257
153,12.8,B,Sunday,87
103,25.91,B,Wednesday,160
153,14.03,A,Wednesday,109
192,13.27,D,Tuesday,130
162,13.29,C,Saturday,76
117,26.29,C,Saturday,161
189,23.3,A,Saturday,119
143,20.46,B,Thursday,106
133,17.18,A,Friday,145
173,27.54,A,Saturday,240
161,17.85,A,Wednesday,117
199,26.33,B,Wednesday,234
113,18.78,D,Saturday,132
194,17.54,A,Sunday,180
147,19.25,B,Saturday,186
114,16.03,D,Wednesday,109
171,24.95,A,Thursday,246
177,20.05,C,Monday,182
186,14.64,D,Monday,89
161,27.99,A,Saturday,181
139,17.68,D,Tuesday,124
184,20.87,D,Saturday,188
179,28.13,D,Sunday,294
181,22.48,D,Saturday,184
152,12.34,D,Monday,113
123,28.8,D,Wednesday,235
125,22.55,A,Saturday,215
188,16.7,C,Wednesday,137
159,12.79,B,Wednesday,73
140,25.88,D,Tuesday,212
128,22.4,B,Wednesday,195
114,20.67,A,Monday,100
144,27.88,D,Thursday,268
164,25.77,C,Thursday,152
188,13.03,B,Friday,99
170,16.23,D,Sunday,145
108,14.97,A,Saturday,82
187,24.88,C,Sunday,162
100,10.67,B,Monday,79
107,21.4,B,Wednesday,204
187,25.25,D,Thursday,125
162,27.54,C,Sunday,259
110,16.84,C,Monday,106
180,26.43,C,Thursday,262
107,12.21,C,Wednesday,119
134,26.93,A,Sunday,207
134,12.55,C,Thursday,97
132,17.95,B,Saturday,149
104,25.95,B,Saturday,195
140,13.0,A,Friday,74
127,14.59,B,Friday,68
106,24.45,B,Thursday,120
172,24.4,C,Monday,172
171,22.82,B,Saturday,146
111,23.88,A,Monday,195
133,20.85,C,Monday,193
132,15.04,D,Thursday,99
147,16.91,C,Monday,136
122,13.63,A,Saturday,88
161,28.17,C,Wednesday,249
187,21.67,C,Friday,184
136,18.02,A,Wednesday,163
198,19.24,C,Monday,178
143,28.95,A,Wednesday,139
185,13.07,A,Saturday,118
190,21.72,D,Saturday,184
134,20.12,B,Monday,112
164,22.23,B,Thursday,196
198,10.36,C,Wednesday,62
146,27.44,C,Thursday,238
177,28.64,D,Thursday,171
102,21.3,D,Tuesday,150
100,23.93,D,Monday,206
104,28.45,A,Friday,238
189,24.14,D,Saturday,157
113,13.05,D,Saturday,82
126,21.53,C,Monday,181
108,22.13,D,Sunday,130
178,18.48,A,Sunday,131
114,24.73,A,Sunday,237
189,28.69,C,Friday,266
141,28.51,D,Saturday,210
176,19.02,D,Monday,173
150,12.26,A,Saturday,120
162,29.7,D,Thursday,270
195,26.78,D,Wednesday,219
151,12.49,D,Wednesday,68
195,28.42,B,Saturday,172
103,27.4,C,Tuesday,180
193,20.38,B,Friday,165
122,21.83,C,Sunday,102
114,17.98,A,Friday,145
142,11.1,D,Friday,91
128,16.7,C,Thursday,93
135,26.06,B,Friday,260
112,10.09,D,Wednesday,71
131,16.67,A,Thursday,68
170,17.96,C,Monday,150
158,20.75,C,Friday,99
185,28.4,C,Friday,239
127,16.93,D,Monday,149
165,16.94,B,Friday,88
141,24.75,B,Monday,228
144,19.04,C,Thursday,134
161,14.49,A,Wednesday,120
156,19.05,A,Monday,97
105,12.82,B,Tuesday,92
127,13.53,A,Monday,142
127,19.97,B,Friday,150
143,18.38,C,Sunday,136
183,28.3,B,Sunday,211
129,17.25,B,Thursday,135
161,21.61,C,Saturday,121
174,22.65,A,Thursday,149
191,10.26,B,Saturday,87
188,23.27,B,Sunday,142
161,13.56,C,Sunday,73
196,29.22,A,Monday,138
100,12.97,B,Wednesday,92
126,18.29,C,Tuesday,172
161,11.71,B,Thursday,66
176,29.94,D,Friday,185
102,20.04,C,Saturday,120
169,21.91,A,Friday,182
171,11.34,A,Wednesday,83
126,25.0,A,Saturday,191
108,14.2,A,Thursday,124
161,27.96,B,Monday,225
136,14.1,B,Friday,134
196,13.81,A,Wednesday,118
150,10.73,A,Thursday,83
143,19.44,A,Sunday,128
123,21.3,B,Sunday,120
178,11.31,A,Thursday,65
158,25.51,A,Thursday,243
131,19.07,D,Thursday,131
195,20.49,D,Saturday,118
187,18.82,A,Thursday,155
151,18.02,C,Friday,135
161,21.19,A,Wednesday,120
157,13.1,D,Saturday,92
151,13.64,C,Thursday,91
111,27.24,C,Tuesday,229
138,28.92,A,Tuesday,138
101,17.47,D,Wednesday,123
102,15.41,D,Sunday,104
155,22.88,C,Monday,149
180,18.17,A,Monday,153
158,10.51,B,Sunday,77
101,13.12,B,Saturday,107
101,24.32,D,Saturday,242
191,23.18,B,Saturday,208
153,10.54,D,Monday,53
186,14.44,D,Tuesday,106
195,14.62,D,Monday,135
196,23.44,B,Friday,198
100,10.39,D,Thursday,78
118,12.08,C,Saturday,123
101,26.0,A,Tuesday,178
152,13.57,A,Wednesday,61
143,23.05,D,Wednesday,135
189,14.76,A,Thursday,80
131,11.99,B,Tuesday,111
169,14.86,B,Monday,95
131,24.45,A,Monday,148
167,27.11,B,Friday,245
154,26.6,A,Friday,166
174,17.94,A,Monday,80
155,23.36,A,Wednesday,115
116,14.1,D,Saturday,77
137,15.86,A,Wednesday,99
123,27.93,D,Friday,225
168,10.26,A,Thursday,62
197,11.71,A,Monday,69
169,14.16,A,Friday,126
185,10.53,B,Friday,77
110,13.63,D,Saturday,102
115,21.66,D,Monday,189
196,18.43,A,Saturday,123
172,27.85,A,Monday,177
158,26.35,B,Saturday,211
169,16.84,B,Wednesday,110
179,15.19,B,Thursday,167
192,17.59,D,Thursday,91
102,21.81,D,Monday,177
119,15.36,D,Tuesday,66
158,22.48,A,Sunday,217
135,18.19,D,Friday,158
118,21.04,C,Friday,216
189,18.72,C,Monday,103
166,15.89,B,Saturday,123
118,28.97,D,Tuesday,214
119,25.27,C,Wednesday,209
195,12.8,B,Saturday,94
170,27.37,D,Saturday,213
151,19.75,A,Monday,133
132,27.89,C,Monday,166
139,26.0,A,Friday,194
138,18.5,D,Monday,95
181,10.45,C,Monday,70
100,15.37,D,Monday,137
110,20.83,A,Friday,192
191,22.67,C,Wednesday,146
156,15.16,A,Wednesday,149
188,12.79,D,Sunday,119
149,26.7,D,Sunday,249
122,29.69,A,Monday,240
130,20.51,C,Sunday,132
193,13.43,A,Friday,129
141,15.45,D,Wednesday,115
198,10.37,A,Saturday,67
106,28.29,D,Wednesday,173
115,12.36,A,Wednesday,107
189,21.53,C,Friday,207
159,15.48,C,Sunday,142
101,21.08,A,Saturday,178
100,23.03,A,Friday,147
147,26.59,C,Monday,148
111,14.13,D,Thursday,88
168,10.22,C,Wednesday,40
136,12.74,D,Thursday,79
131,28.0,A,Friday,164
108,27.48,A,Friday,195
198,21.95,D,Friday,209
118,22.01,A,Thursday,162
147,23.3,D,Friday,223
179,13.51,B,Monday,124
102,28.29,C,Friday,175
119,18.38,B,Tuesday,137
123,17.66,D,Sunday,105
153,20.38,C,Thursday,159
132,10.94,D,Tuesday,90
123,13.33,C,Friday,67
174,24.76,C,Monday,162
171,11.66,C,Wednesday,84
135,22.06,C,Saturday,231
137,14.91,D,Sunday,140
183,17.79,C,Saturday,133
198,15.77,C,Friday,92
188,17.11,B,Sunday,155
198,24.38,A,Sunday,219
124,15.94,A,Monday,126
192,21.33,B,Sunday,196
117,19.52,B,Thursday,138
181,23.27,D,Tuesday,230
165,28.74,D,Tuesday,286
153,24.65,D,Tuesday,109
134,14.3,B,Thursday,109
179,10.62,B,Saturday,103
160,15.25,C,Monday,86
140,21.9,D,Sunday,167
199,11.03,D,Thursday,115
132,19.93,D,Tuesday,153
167,21.94,A,Friday,120
132,16.68,C,Wednesday,133
113,25.42,D,Sunday,151
120,12.13,D,Thursday,91
147,11.5,D,Thursday,30
119,24.56,A,Monday,204
107,19.91,A,Monday,148
106,23.77,B,Thursday,193
166,18.7,C,Tuesday,162
116,14.93,B,Wednesday,122
132,26.38,C,Sunday,220
147,25.99,A,Monday,137
175,23.89,D,Sunday,192
158,15.44,B,Tuesday,92
185,21.8,D,Sunday,219
121,17.22,B,Friday,88
129,11.83,A,Monday,97
137,28.35,A,Tuesday,235
150,12.74,A,Tuesday,79
153,29.0,B,Wednesday,147
107,18.92,C,Wednesday,146
126,13.7,B,Friday,112
126,20.84,C,Tuesday,181
197,27.46,B,Saturday,188
120,24.64,B,Tuesday,202
129,26.13,A,Wednesday,187
196,23.18,D,Saturday,174
127,23.85,D,Monday,188
163,26.98,C,Monday,186
196,14.99,D,Sunday,96
168,19.79,B,Thursday,110
160,14.42,B,Wednesday,75
147,29.75,A,Thursday,180
118,28.88,A,Saturday,218
103,10.79,D,Wednesday,99
134,24.11,C,Friday,148
163,28.5,D,Tuesday,266
148,13.61,D,Friday,76
116,21.36,D,Saturday,183
143,28.31,D,Wednesday,231
191,10.68,B,Saturday,72
129,23.95,C,Tuesday,137
192,15.95,B,Monday,137
145,28.49,C,Monday,197
105,29.42,A,Saturday,265
198,28.89,D,Thursday,216
136,19.48,B,Wednesday,196
123,27.24,C,Wednesday,169
192,26.89,A,Monday,217
145,16.38,A,Sunday,114
152,26.58,D,Friday,233
194,10.74,C,Sunday,55
198,21.93,B,Tuesday,173
159,14.6,D,Friday,116
196,12.41,B,Friday,120
162,11.54,A,Saturday,69
184,23.93,B,Monday,226
131,16.8,B,Sunday,90
186,24.5,D,Sunday,220
132,11.31,B,Monday,106
166,16.31,D,Sunday,156
117,20.79,A,Monday,151
124,25.81,D,Saturday,170
194,16.38,D,Thursday,180
153,22.52,C,Friday,149
157,27.72,B,Saturday,203
166,22.32,A,Wednesday,188
145,14.66,D,Tuesday,135
123,10.49,A,Thursday,71
131,27.4,C,Wednesday,231
146,10.43,B,Friday,93
185,27.49,D,Sunday,162
122,20.58,B,Monday,199
165,28.78,C,Friday,143
126,25.98,C,Saturday,185
101,29.96,A,Tuesday,153
189,17.01,D,Saturday,95
116,25.34,A,Thursday,244
132,18.04,C,Thursday,127
108,19.6,B,Tuesday,130
142,22.55,A,Wednesday,123
147,27.47,A,Wednesday,234
138,29.68,B,Thursday,239
192,25.37,A,Thursday,182
141,18.36,B,Sunday,105
125,18.43,D,Monday,184
198,24.75,B,Sunday,166
149,14.78,D,Sunday,102
124,12.21,B,Wednesday,78
123,17.09,C,Tuesday,143
112,15.74,C,Wednesday,110
159,15.93,D,Monday,119
106,14.67,D,Saturday,103
156,10.84,C,Thursday,123
135,10.36,D,Thursday,82
144,29.75,B,Monday,241
119,18.56,B,Sunday,123
164,17.69,C,Tuesday,84
107,23.59,A,Thursday,200
115,14.37,B,Friday,89
113,29.0,D,Sunday,275
175,25.73,A,Thursday,241
186,11.79,A,Friday,105
114,18.35,B,Monday,97
191,27.58,B,Monday,229
197,28.89,A,Sunday,195
165,19.35,A,Thursday,176
131,22.27,C,Wednesday,180
186,13.34,D,Friday,123
162,29.82,C,Tuesday,239
185,14.63,B,Thursday,121
150,28.85,C,Tuesday,157
124,22.99,C,Thursday,202
157,22.15,C,Wednesday,154
162,20.25,C,Wednesday,147
161,14.61,D,Sunday,133
121,13.53,D,Sunday,90
157,14.41,A,Wednesday,95
157,13.73,B,Saturday,126
185,25.59,C,Wednesday,177
148,17.0,A,Monday,122
151,11.16,A,Monday,59
141,29.38,A,Saturday,188
169,27.68,D,Friday,174
114,28.56,C,Tuesday,254
153,29.9,C,Thursday,156
159,13.48,B,Thursday,119
196,17.92,C,Saturday,169
107,25.16,C,Monday,120
152,23.92,A,Sunday,167
159,13.08,B,Thursday,117
104,26.32,C,Monday,266
167,14.49,D,Friday,120
105,14.48,C,Tuesday,122
195,20.74,A,Friday,196
193,21.86,D,Saturday,148
146,21.6,A,Wednesday,189
198,11.83,C,Wednesday,48
154,27.55,D,Wednesday,277
139,15.31,B,Friday,126
151,12.59,B,Thursday,82
115,27.77,D,Tuesday,173
112,29.11,D,Wednesday,268
129,27.24,A,Saturday,151
118,26.19,D,Saturday,240
116,23.1,A,Wednesday,196
162,21.02,C,Wednesday,139
118,11.74,A,Tuesday,110
191,18.17,D,Wednesday,148
157,17.45,D,Tuesday,154
154,15.2,C,Saturday,88
189,24.47,D,Wednesday,153
189,19.92,D,Friday,120
161,11.62,B,Sunday,93
122,14.4,B,Friday,134
108,23.67,C,Saturday,125
111,11.52,A,Tuesday,92
100,27.02,B,Friday,176
157,19.9,A,Tuesday,143
100,19.61,D,Friday,168
133,21.85,B,Friday,206
195,26.49,C,Tuesday,154
147,16.96,C,Thursday,109
188,23.56,C,Friday,166
100,21.31,B,Wednesday,109
115,15.34,A,Sunday,97
160,27.57,D,Saturday,201
163,25.95,A,Thursday,179
162,23.17,A,Tuesday,199
168,27.01,D,Thursday,191
121,27.35,D,Monday,208
192,24.17,B,Monday,166
166,26.74,B,Friday,242
175,23.95,B,Friday,225
125,23.6,B,Wednesday,193
115,22.37,B,Sunday,214
150,25.05,D,Saturday,148
185,13.17,A,Thursday,93
156,27.62,B,Monday,194
128,27.44,B,Friday,177
177,10.58,A,Saturday,106
191,26.52,B,Thursday,246
168,12.58,A,Friday,76
146,16.7,A,Friday,135
193,24.87,D,Monday,183
161,13.22,C,Monday,84
168,26.36,D,Friday,187
175,26.64,C,Tuesday,169
115,20.15,C,Friday,114
189,10.13,C,Saturday,37
189,15.74,B,Friday,113
147,22.34,D,Wednesday,158
184,29.62,C,Sunday,242
138,22.64,A,Wednesday,157
199,15.2,B,Wednesday,131
132,22.68,D,Tuesday,167
193,20.8,C,Tuesday,190
122,25.6,A,Friday,230
109,12.14,D,Wednesday,107
168,25.22,D,Tuesday,180
199,20.83,B,Monday,179
133,29.26,D,Friday,186
151,16.84,B,Saturday,100
194,22.65,C,Sunday,187
109,28.64,B,Thursday,218
118,12.05,A,Friday,79
157,28.74,B,Thursday,269
195,23.76,A,Wednesday,198
100,11.36,B,Sunday,86
168,16.02,D,Thursday,155
103,24.16,C,Wednesday,179
115,11.35,A,Monday,100
123,21.64,B,Thursday,163
179,16.92,B,Sunday,96
101,22.42,B,Friday,193
191,10.91,D,Wednesday,96
131,27.43,D,Friday,230
190,29.47,A,Sunday,284
183,29.38,A,Tuesday,253
123,24.99,D,Wednesday,198
111,12.6,A,Thursday,131
149,25.17,C,Wednesday,225
134,10.49,C,Friday,87
132,10.44,D,Monday,94
132,16.47,A,Wednesday,110
160,19.77,B,Thursday,171
150,25.41,C,Tuesday,240
142,23.67,D,Saturday,204
111,18.92,A,Monday,178
166,15.47,D,Tuesday,149
164,29.94,B,Wednesday,227
132,18.52,C,Friday,172
139,19.03,D,Sunday,115
173,13.27,D,Friday,80
142,25.9,D,Thursday,161
143,23.87,B,Friday,192
128,14.42,D,Monday,100
112,11.65,B,Friday,110
111,23.61,B,Thursday,143
194,23.09,B,Saturday,166
145,15.47,C,Wednesday,99
101,29.02,C,Sunday,215
134,13.02,D,Wednesday,123
186,18.65,D,Friday,88
180,28.87,C,Tuesday,186
189,18.39,A,Wednesday,124
107,22.77,C,Saturday,125
192,17.95,B,Friday,138
125,15.48,C,Sunday,108
173,29.68,B,Thursday,248
189,18.19,D,Saturday,166
133,27.88,A,Friday,198
106,14.6,D,Saturday,134
167,14.26,B,Wednesday,114
157,10.62,B,Sunday,71
174,23.03,B,Thursday,236
128,17.37,A,Friday,124
135,27.29,C,Monday,263
188,19.46,D,Thursday,107
120,29.36,D,Monday,220
135,13.71,C,Saturday,61
109,27.37,D,Tuesday,230
172,25.53,A,Thursday,195
123,25.42,D,Saturday,212
163,26.9,B,Monday,192
198,25.22,C,Wednesday,167
148,22.52,A,Wednesday,117
198,12.62,C,Tuesday,75
135,10.65,A,Thursday,115
181,28.42,B,Thursday,191
195,22.33,C,Thursday,220
123,25.93,D,Saturday,239
122,19.63,A,Sunday,121
161,12.35,C,Sunday,99
195,12.5,D,Tuesday,58
136,23.71,C,Thursday,137
111,18.61,C,Saturday,95
154,14.01,C,Wednesday,112
112,19.83,A,Monday,138
122,11.28,D,Saturday,82
188,21.64,B,Sunday,155
198,15.38,A,Sunday,112
129,25.95,A,Wednesday,216
116,16.21,A,Wednesday,139
161,19.1,B,Monday,95
183,10.23,D,Wednesday,55
188,11.45,D,Tuesday,95
185,17.85,D,Monday,126
112,19.6,C,Wednesday,153
158,22.0,C,Friday,139
118,15.83,C,Saturday,124
148,23.9,B,Wednesday,135
199,27.2,C,Tuesday,166
111,25.6,B,Thursday,192
160,10.79,D,Wednesday,86
118,19.61,C,Sunday,163
175,12.1,C,Sunday,112
108,14.84,A,Sunday,97
170,29.73,B,Thursday,270
127,12.85,D,Sunday,96
177,19.98,A,Friday,146
194,22.36,A,Wednesday,176
151,24.05,D,Sunday,175
182,21.19,A,Monday,160
115,10.2,B,Thursday,49
168,16.53,B,Friday,128
198,20.35,C,Monday,185
111,11.76,A,Monday,105
124,17.01,C,Monday,159
151,10.66,A,Monday,113
184,11.57,B,Wednesday,76
199,17.94,B,Sunday,135
152,12.65,B,Saturday,73
122,21.35,A,Wednesday,150
115,23.79,B,Wednesday,177
156,26.01,A,Friday,264
138,14.0,C,Friday,108
152,13.35,A,Sunday,110
141,12.09,C,Saturday,109
157,22.73,A,Friday,170
138,24.13,C,Sunday,226
113,10.63,B,Sunday,61
194,28.72,C,Tuesday,227
104,11.04,B,Saturday,90
134,20.83,B,Friday,143
186,24.18,C,Saturday,161
192,27.42,A,Wednesday,208
174,24.28,A,Wednesday,231
117,26.03,D,Saturday,151
175,16.79,A,Tuesday,151
108,26.3,D,Tuesday,241
173,11.6,A,Saturday,76
157,27.9,A,Friday,283
116,20.95,B,Thursday,191
106,26.35,D,Tuesday,224
145,19.05,A,Monday,163
112,22.87,D,Wednesday,130
139,20.53,B,Saturday,121
141,24.63,B,Monday,167
108,11.63,D,Saturday,80
149,11.21,B,Sunday,77
126,14.94,C,Wednesday,141
165,13.19,C,Wednesday,115
104,27.44,B,Tuesday,228
128,14.38,C,Tuesday,136
136,29.52,A,Monday,275
137,16.74,D,Sunday,124
182,13.64,A,Saturday,80
107,25.79,D,Sunday,188
164,23.17,B,Wednesday,210
185,19.96,A,Monday,141
116,21.11,B,Thursday,174
170,24.38,B,Monday,132
188,14.57,D,Friday,123
144,29.93,D,Monday,270
103,29.5,D,Sunday,271
135,23.01,A,Friday,216
169,13.99,C,Friday,120
130,23.6,D,Friday,238
118,11.44,D,Thursday,107
160,10.61,A,Monday,91
153,15.15,D,Sunday,137
138,19.25,A,Monday,83
190,27.37,B,Thursday,209
173,24.54,D,Wednesday,193
189,24.85,D,Tuesday,167
118,18.51,B,Sunday,126
138,16.92,B,Sunday,160
166,17.42,B,Monday,175
144,29.75,D,Tuesday,270
112,10.8,C,Saturday,80
191,27.34,C,Saturday,151
157,21.57,C,Thursday,130
119,18.77,D,Saturday,120
191,24.51,B,Sunday,129
171,19.73,D,Saturday,97
160,27.47,B,Wednesday,288
138,28.01,D,Wednesday,247
100,18.43,D,Wednesday,121
102,15.54,B,Saturday,91
176,21.85,C,Thursday,169
191,28.25,B,Friday,146
161,14.21,A,Friday,135
162,22.46,A,Tuesday,155
124,22.63,B,Friday,157
155,24.66,D,Friday,160
132,12.63,A,Wednesday,75
137,24.32,A,Wednesday,191
105,28.18,D,Saturday,234
157,13.59,D,Tuesday,114
143,14.75,C,Monday,83
144,29.43,D,Sunday,235
131,13.62,B,Tuesday,101
144,27.09,B,Tuesday,249
160,19.85,C,Thursday,144
146,14.94,A,Saturday,109
120,27.41,A,Thursday,228
179,18.91,D,Tuesday,155
184,20.3,B,Tuesday,151
174,17.18,A,Tuesday,126
135,21.86,C,Friday,157
198,13.27,C,Sunday,138
118,17.82,B,Sunday,144
119,29.39,C,Thursday,293
156,15.16,C,Tuesday,110
117,23.13,B,Sunday,231
146,16.5,D,Wednesday,161
148,25.47,D,Sunday,161
113,12.62,C,Saturday,135
114,29.4,D,Saturday,146
130,19.08,D,Sunday,191
100,14.72,C,Wednesday,135
153,11.47,D,Saturday,59
102,13.4,C,Friday,109
115,20.4,A,Sunday,208
186,16.74,B,Friday,108
156,26.58,B,Sunday,204
174,18.62,D,Monday,155
111,14.97,D,Monday,131
173,22.34,D,Monday,142
195,24.14,B,Saturday,154
115,13.34,A,Friday,64
171,13.35,A,Friday,103
175,10.73,B,Friday,87
123,24.73,A,Wednesday,237
127,23.28,B,Friday,131
107,19.49,A,Wednesday,154
191,26.88,C,Monday,147
135,26.11,C,Monday,156
189,21.71,B,Saturday,157
107,27.37,A,Sunday,200
157,14.12,D,Monday,106
159,12.24,A,Sunday,118
149,15.39,C,Sunday,125
127,11.14,C,Saturday,96
191,20.62,A,Tuesday,187
140,28.73,A,Tuesday,226
199,10.79,D,Thursday,93
163,12.44,D,Saturday,78
126,19.04,A,Thursday,113
162,28.68,A,Thursday,248
116,16.32,A,Tuesday,67
172,20.14,A,Saturday,182
132,10.83,B,Tuesday,105
183,12.97,A,Thursday,66
176,29.73,D,Saturday,175
191,29.3,C,Thursday,285
128,10.1,B,Friday,84
112,29.04,A,Sunday,186
145,22.78,C,Saturday,184
134,27.36,B,Saturday,229
105,19.09,C,Sunday,139
181,20.31,A,Thursday,207
168,19.78,A,Friday,159
146,23.34,D,Wednesday,187
124,12.79,A,Sunday,122
165,10.6,A,Tuesday,129
109,16.16,B,Thursday,99
155,24.09,D,Sunday,139
129,14.04,B,Sunday,94
104,23.47,C,Saturday,207
132,29.4,A,Tuesday,239
164,11.88,C,Tuesday,102
117,23.45,B,Tuesday,235
195,18.88,A,Sunday,158
148,27.36,A,Wednesday,144
110,13.54,B,Monday,83
184,23.85,B,Thursday,172
125,26.76,B,Monday,185
162,28.89,B,Sunday,231
188,23.66,B,Monday,232
185,19.94,A,Sunday,133
158,22.36,B,Monday,175
126,27.38,A,Tuesday,242
148,21.41,A,Friday,148
176,10.61,B,Tuesday,54
132,28.62,B,Tuesday,220
197,23.79,D,Saturday,118
198,23.53,A,Saturday,231
100,14.31,B,Monday,94
120,23.18,B,Sunday,163
154,17.88,B,Tuesday,146
105,23.02,D,Monday,234
191,12.13,D,Saturday,74
180,23.16,C,Friday,133
168,29.99,A,Thursday,150
194,10.96,C,Monday,64
104,29.54,B,Friday,173
102,18.14,D,Thursday,148
152,27.42,D,Wednesday,161
122,25.65,C,Monday,141
152,21.34,D,Monday,178
136,24.77,B,Wednesday,174
173,27.57,D,Wednesday,190
173,18.08,C,Monday,120
182,16.54,B,Wednesday,174
116,23.35,C,Tuesday,134
184,26.16,D,Thursday,251
177,25.25,C,Thursday,207
172,25.96,C,Thursday,136
100,18.71,A,Tuesday,194
150,26.36,D,Sunday,154
144,12.4,D,Wednesday,70
176,20.89,C,Friday,184
103,10.12,A,Wednesday,85
161,16.49,D,Monday,127
164,17.33,B,Saturday,88
131,17.92,C,Thursday,136
133,23.91,D,Wednesday,212
191,17.77,B,Friday,122
194,18.97,D,Monday,132
171,14.75,B,Tuesday,86
138,17.47,C,Sunday,104
125,14.55,D,Tuesday,149
133,11.46,D,Friday,73
153,22.07,A,Monday,228
102,23.36,C,Thursday,168
149,22.39,B,Wednesday,194
111,19.27,D,Monday,128
164,17.6,D,Sunday,110
153,27.27,B,Tuesday,150
104,20.38,C,Sunday,154
193,19.58,A,Sunday,150
193,10.51,A,Friday,103
156,16.82,D,Friday,129
116,17.6,B,Wednesday,91
146,17.98,D,Friday,93
122,21.6,B,Friday,118
178,20.67,A,Monday,162
184,22.16,C,Thursday,196
113,25.3,B,Wednesday,270
165,26.26,A,Monday,130
174,24.36,D,Thursday,201
150,29.11,B,Sunday,231
137,10.36,C,Monday,93
163,13.92,D,Saturday,106
197,10.15,D,Monday,72
137,22.95,A,Friday,195
149,27.96,B,Thursday,166
197,14.87,D,Wednesday,151
181,28.54,C,Wednesday,151
129,11.21,B,Thursday,93
178,28.69,C,Friday,194
190,17.03,D,Tuesday,123
150,12.03,C,Monday,121
162,19.72,A,Friday,180
197,15.14,C,Saturday,129
151,15.7,B,Sunday,127
137,16.15,C,Thursday,145
196,26.06,C,Monday,201
187,20.78,A,Wednesday,188
178,16.23,C,Sunday,127
129,22.21,C,Tuesday,219
150,24.32,D,Saturday,259
180,15.45,D,Wednesday,136
104,18.27,B,Thursday,94
128,12.44,D,Monday,47
103,13.62,D,Thursday,133
109,23.62,D,Sunday,151
155,13.63,D,Monday,119
116,20.5,A,Friday,174
173,24.18,D,Tuesday,187
116,12.14,A,Friday,118
183,21.35,A,Friday,177
187,15.13,D,Thursday,128
168,29.26,C,Sunday,247
133,19.67,A,Tuesday,142
105,26.12,C,Monday,235
152,21.0,C,Monday,138
165,10.87,D,Saturday,111
176,22.66,B,Wednesday,224
142,29.03,D,Saturday,178
174,22.03,B,Saturday,194
122,26.38,B,Monday,212
154,27.68,D,Thursday,184
179,14.56,D,Friday,153
194,14.24,B,Sunday,92
174,22.22,D,Friday,141
115,18.22,B,Friday,145
107,26.8,C,Tuesday,220
103,28.0,D,Monday,224
103,17.07,C,Sunday,141
155,14.74,A,Thursday,126
124,25.61,C,Tuesday,183
166,15.5,C,Wednesday,59
195,26.45,B,Thursday,185
166,18.47,C,Saturday,90
126,23.35,D,Thursday,135
192,11.91,B,Thursday,89
131,22.48,A,Friday,128
149,19.04,D,Thursday,122
160,21.73,A,Saturday,146
150,13.36,C,Saturday,133
118,24.74,D,Monday,232
120,27.26,D,Thursday,233
104,14.33,A,Friday,124
181,11.91,D,Thursday,109
191,10.47,D,Wednesday,68
141,22.84,D,Wednesday,117
160,22.14,C,Friday,193
121,20.93,A,Monday,189
120,14.64,D,Monday,125
169,17.82,B,Saturday,151
100,21.89,B,Saturday,158
104,19.94,B,Tuesday,167
111,29.76,B,Friday,307
189,12.73,C,Thursday,104
145,23.9,D,Sunday,194
133,18.09,A,Friday,141
148,18.56,D,Tuesday,138
177,24.35,C,Saturday,210
189,23.85,B,Friday,115
144,29.83,C,Friday,256
126,12.57,D,Saturday,64
172,12.08,A,Tuesday,105
125,24.49,C,Saturday,180
146,21.57,A,Monday,190
185,15.48,C,Thursday,104
155,11.59,A,Saturday,112
193,11.71,A,Tuesday,73
162,27.88,B,Wednesday,255
147,13.84,A,Monday,118
160,16.47,B,Wednesday,164
180,14.53,D,Sunday,150
125,17.1,D,Saturday,149
135,11.39,B,Monday,77
100,20.38,B,Thursday,122
107,11.35,C,Saturday,79
198,26.01,C,Thursday,235
151,14.67,C,Friday,142
178,20.8,D,Wednesday,132
146,27.6,C,Monday,259
155,23.02,A,Thursday,178
185,20.66,A,Tuesday,178
113,16.49,C,Thursday,90
189,16.66,A,Tuesday,93
127,23.39,D,Saturday,188
186,29.88,A,Monday,230
177,23.24,D,Thursday,151
187,21.16,B,Sunday,159
101,24.61,B,Thursday,229
125,19.3,B,Sunday,174
113,11.2,B,Monday,124
158,21.25,A,Thursday,159
155,29.15,C,Tuesday,174
106,13.51,A,Thursday,141
102,23.8,D,Wednesday,164
122,14.02,A,Saturday,97
117,20.72,A,Friday,130
137,11.93,D,Tuesday,81
198,19.01,B,Wednesday,120
114,25.12,B,Sunday,163
163,16.95,B,Saturday,135
188,23.3,C,Monday,121
127,25.91,D,Tuesday,209
173,28.54,D,Friday,229
138,14.69,A,Saturday,112
156,17.99,C,Sunday,123
116,13.05,B,Friday,70
185,29.85,C,Monday,236
189,28.54,D,Monday,238
143,20.8,D,Sunday,157
124,26.84,A,Tuesday,187
116,20.42,A,Sunday,211
112,22.47,D,Thursday,161
183,11.78,B,Monday,87
124,25.11,B,Saturday,232
167,12.55,C,Thursday,91
109,26.52,D,Wednesday,178
166,25.64,D,Friday,184
117,24.17,B,Thursday,216
199,10.72,B,Friday,58
185,16.06,D,Sunday,76
